id,check,state,time
1,1,Start,2023-03-05 09:21:00
2,1,Success,2023-03-05 09:22:00
3,3,Start,2023-03-07 13:46:00
4,3,Success,2023-03-07 13:47:00
5,5,Start,2023-03-11 16:51:00
6,5,Success,2023-03-11 16:52:00
7,7,Start,2023-03-14 12:46:00
8,7,Failure,2023-03-14 12:47:00
9,8,Start,2023-03-15 10:21:00
10,8,Success,2023-03-15 10:22:00
11,10,Start,2023-03-18 13:56:00
12,10,Success,2023-03-18 13:57:00
13,12,Start,2023-03-21 11:16:00
14,12,Failure,2023-03-21 11:17:00
15,13,Start,2023-03-21 11:51:00
16,13,Success,2023-03-21 11:52:00
17,14,Start,2023-03-29 12:51:00
18,14,Success,2023-03-29 12:52:00
19,15,Start,2023-04-09 10:46:00
20,15,Success,2023-04-09 10:47:00
21,16,Start,2023-04-10 10:46:00
22,16,Success,2023-04-10 10:47:00
23,17,Start,2023-04-19 10:46:00
24,17,Success,2023-04-19 10:47:00
25,18,Start,2023-04-19 11:46:00
26,18,Success,2023-04-19 11:47:00
27,19,Start,2023-04-30 10:46:00
28,19,Success,2023-04-30 10:47:00
29,20,Start,2023-05-15 10:46:00
30,20,Success,2023-05-15 10:47:00
